id;name;code;note
1;Garden;Tugrik transmit Industrial;Roads Vietnam
2;TCP open-source;Avon transmit;withdrawal
3;Tasty digital;red Jewelery Central;Burundi
4;productize;defect;Rapid Shoals Tasty
5;Toys Mauritius;Interactions B2B hub;Chair withdrawal Market
6;Communications asynchronous 1080p;indexing;payment
7;Dynamic port;Facilitator Factors;haptic SSL
8;Djibouti Account;Vermont Automated transitional;Steel Maine
9;Electronics Generic;Interactions Rwanda index;Producer Administrator
10;Functionality;Granite;payment Ridge synergize
